{
  "provider": "ollama",
  "model": "llama3.2",
  "generated": "2026-02-25T12:21:05.747Z",
  "scenarios": {
    "Coding assistant": {
      "methods": {
        "deterministic": {
          "ratio": 1.6812907904278462,
          "tokenRatio": 1.6729559748427674,
          "compressed": 5,
          "preserved": 8,
          "roundTrip": "PASS",
          "timeMs": 0.25966599996900186
        },
        "llm-basic": {
          "ratio": 1.4847902657700929,
          "tokenRatio": 1.4810690423162582,
          "compressed": 5,
          "preserved": 8,
          "roundTrip": "PASS",
          "timeMs": 5869.715916000016,
          "vsDet": 0.883125200128082
        },
        "llm-escalate": {
          "ratio": 1.5518741633199464,
          "tokenRatio": 1.5501165501165501,
          "compressed": 5,
          "preserved": 8,
          "roundTrip": "PASS",
          "timeMs": 3001.2509999999893,
          "vsDet": 0.9230254350736279
        }
      }
    },
    "Long Q&A": {
      "methods": {
        "deterministic": {
          "ratio": 6.158536585365853,
          "tokenRatio": 6.114164904862579,
          "compressed": 4,
          "preserved": 6,
          "roundTrip": "PASS",
          "timeMs": 0.73641700000735
        },
        "llm-basic": {
          "ratio": 4.308873720136519,
          "tokenRatio": 4.2844444444444445,
          "compressed": 4,
          "preserved": 6,
          "roundTrip": "PASS",
          "timeMs": 4080.273957999947,
          "vsDet": 0.6996587030716723
        },
        "llm-escalate": {
          "ratio": 4.486894713460684,
          "tokenRatio": 4.456086286594761,
          "compressed": 4,
          "preserved": 6,
          "roundTrip": "PASS",
          "timeMs": 3666.4759170000325,
          "vsDet": 0.7285650821856953
        }
      }
    },
    "Tool-heavy": {
      "methods": {
        "deterministic": {
          "ratio": 1.2991563919532771,
          "tokenRatio": 1.2946428571428572,
          "compressed": 2,
          "preserved": 16,
          "roundTrip": "PASS",
          "timeMs": 1.655417000001762
        },
        "llm-basic": {
          "ratio": 1.1153203342618385,
          "tokenRatio": 1.1132437619961613,
          "compressed": 2,
          "preserved": 16,
          "roundTrip": "PASS",
          "timeMs": 2252.8222499999683,
          "vsDet": 0.8584958217270195
        },
        "llm-escalate": {
          "ratio": 1.2816901408450705,
          "tokenRatio": 1.277533039647577,
          "compressed": 2,
          "preserved": 16,
          "roundTrip": "PASS",
          "timeMs": 2796.051916999975,
          "vsDet": 0.9865556978233034
        }
      }
    },
    "Deep conversation": {
      "methods": {
        "deterministic": {
          "ratio": 2.124913733609386,
          "tokenRatio": 2.1241305510968433,
          "compressed": 50,
          "preserved": 1,
          "roundTrip": "PASS",
          "timeMs": 2.8401660000090487
        },
        "llm-basic": {
          "ratio": 3.123774095366926,
          "tokenRatio": 3.1088488645262333,
          "compressed": 50,
          "preserved": 1,
          "roundTrip": "PASS",
          "timeMs": 22697.48683300003,
          "vsDet": 1.470071017923571
        },
        "llm-escalate": {
          "ratio": 3.2790202342918,
          "tokenRatio": 3.255432554325543,
          "compressed": 50,
          "preserved": 1,
          "roundTrip": "PASS",
          "timeMs": 23293.247875,
          "vsDet": 1.5431309904153354
        }
      }
    },
    "Technical explanation": {
      "methods": {
        "deterministic": {
          "ratio": 1,
          "tokenRatio": 1,
          "compressed": 0,
          "preserved": 11,
          "roundTrip": "PASS",
          "timeMs": 0.6284590000286698
        },
        "llm-basic": {
          "ratio": 1,
          "tokenRatio": 1,
          "compressed": 0,
          "preserved": 11,
          "roundTrip": "PASS",
          "timeMs": 3207.201915999991,
          "vsDet": 1
        },
        "llm-escalate": {
          "ratio": 1.0009776232891592,
          "tokenRatio": 1.0007587253414265,
          "compressed": 2,
          "preserved": 9,
          "roundTrip": "PASS",
          "timeMs": 784.6597920000786,
          "vsDet": 1.0009776232891592
        }
      }
    },
    "Structured content": {
      "methods": {
        "deterministic": {
          "ratio": 1.9338990620812864,
          "tokenRatio": 1.9241486068111455,
          "compressed": 2,
          "preserved": 10,
          "roundTrip": "PASS",
          "timeMs": 0.48375000001396984
        },
        "llm-basic": {
          "ratio": 1.4554621848739495,
          "tokenRatio": 1.4521028037383177,
          "compressed": 2,
          "preserved": 10,
          "roundTrip": "PASS",
          "timeMs": 3480.8887089999625,
          "vsDet": 0.7526050420168067
        },
        "llm-escalate": {
          "ratio": 1.3816209317166561,
          "tokenRatio": 1.3795782463928967,
          "compressed": 2,
          "preserved": 10,
          "roundTrip": "PASS",
          "timeMs": 3686.4468750000233,
          "vsDet": 0.7144224633056797
        }
      }
    },
    "Agentic coding session": {
      "methods": {
        "deterministic": {
          "ratio": 1.428351309707242,
          "tokenRatio": 1.4258962011771001,
          "compressed": 2,
          "preserved": 31,
          "roundTrip": "PASS",
          "timeMs": 0.749125000089407
        },
        "llm-basic": {
          "ratio": 1.3462097008422886,
          "tokenRatio": 1.34460141271443,
          "compressed": 2,
          "preserved": 31,
          "roundTrip": "PASS",
          "timeMs": 3328.690416999976,
          "vsDet": 0.9424920127795526
        },
        "llm-escalate": {
          "ratio": 1.3975576662143827,
          "tokenRatio": 1.3952879581151831,
          "compressed": 2,
          "preserved": 31,
          "roundTrip": "PASS",
          "timeMs": 5422.445708999992,
          "vsDet": 0.978441127694859
        }
      }
    }
  },
  "tokenBudget": {
    "Deep conversation": [
      {
        "budget": 2000,
        "method": "deterministic",
        "tokenCount": 3738,
        "fits": false,
        "ratio": 2.124913733609386,
        "recencyWindow": 0,
        "roundTrip": "PASS",
        "timeMs": 12.129625000059605
      },
      {
        "budget": 2000,
        "method": "llm-escalate",
        "tokenCount": 2593,
        "fits": false,
        "ratio": 3.0834538778235228,
        "recencyWindow": 0,
        "roundTrip": "PASS",
        "timeMs": 131976.87870800006
      }
    ],
    "Agentic coding session": [
      {
        "budget": 2000,
        "method": "deterministic",
        "tokenCount": 1957,
        "fits": true,
        "ratio": 1.3638369869059879,
        "recencyWindow": 9,
        "roundTrip": "PASS",
        "timeMs": 1.8957079999381676
      },
      {
        "budget": 2000,
        "method": "llm-escalate",
        "tokenCount": 2003,
        "fits": false,
        "ratio": 1.331896551724138,
        "recencyWindow": 9,
        "roundTrip": "PASS",
        "timeMs": 4096.28350000002
      }
    ]
  }
}
