{
  "provider": "openai",
  "model": "gpt-4.1-mini",
  "generated": "2026-02-25T12:28:55.113Z",
  "scenarios": {
    "Coding assistant": {
      "methods": {
        "deterministic": {
          "ratio": 1.6812907904278462,
          "tokenRatio": 1.6729559748427674,
          "compressed": 5,
          "preserved": 8,
          "roundTrip": "PASS",
          "timeMs": 0.25587500000006
        },
        "llm-basic": {
          "ratio": 1.6414159292035397,
          "tokenRatio": 1.633906633906634,
          "compressed": 5,
          "preserved": 8,
          "roundTrip": "PASS",
          "timeMs": 5578.285459,
          "vsDet": 0.976283185840708
        },
        "llm-escalate": {
          "ratio": 1.631597466572836,
          "tokenRatio": 1.625916870415648,
          "compressed": 5,
          "preserved": 8,
          "roundTrip": "PASS",
          "timeMs": 6046.540790999999,
          "vsDet": 0.9704433497536946
        }
      }
    },
    "Long Q&A": {
      "methods": {
        "deterministic": {
          "ratio": 6.158536585365853,
          "tokenRatio": 6.114164904862579,
          "compressed": 4,
          "preserved": 6,
          "roundTrip": "PASS",
          "timeMs": 0.9947919999995065
        },
        "llm-basic": {
          "ratio": 5.372340425531915,
          "tokenRatio": 5.3259668508287294,
          "compressed": 4,
          "preserved": 6,
          "roundTrip": "PASS",
          "timeMs": 5892.603500000001,
          "vsDet": 0.8723404255319149
        },
        "llm-escalate": {
          "ratio": 5.346744309158285,
          "tokenRatio": 5.3064220183486235,
          "compressed": 4,
          "preserved": 6,
          "roundTrip": "PASS",
          "timeMs": 6988.136834000001,
          "vsDet": 0.868184224457385
        }
      }
    },
    "Tool-heavy": {
      "methods": {
        "deterministic": {
          "ratio": 1.2991563919532771,
          "tokenRatio": 1.2946428571428572,
          "compressed": 2,
          "preserved": 16,
          "roundTrip": "PASS",
          "timeMs": 0.2992500000000291
        },
        "llm-basic": {
          "ratio": 1.105466593042518,
          "tokenRatio": 1.1047619047619048,
          "compressed": 2,
          "preserved": 16,
          "roundTrip": "PASS",
          "timeMs": 3497.0059580000016,
          "vsDet": 0.8509110988404197
        },
        "llm-escalate": {
          "ratio": 1.1159420289855073,
          "tokenRatio": 1.1153846153846154,
          "compressed": 2,
          "preserved": 16,
          "roundTrip": "PASS",
          "timeMs": 5327.759166,
          "vsDet": 0.858974358974359
        }
      }
    },
    "Deep conversation": {
      "methods": {
        "deterministic": {
          "ratio": 2.124913733609386,
          "tokenRatio": 2.1241305510968433,
          "compressed": 50,
          "preserved": 1,
          "roundTrip": "PASS",
          "timeMs": 2.7148750000051223
        },
        "llm-basic": {
          "ratio": 2.3424344885883346,
          "tokenRatio": 2.3346074683916496,
          "compressed": 50,
          "preserved": 1,
          "roundTrip": "PASS",
          "timeMs": 50365.301625,
          "vsDet": 1.1023668639053252
        },
        "llm-escalate": {
          "ratio": 2.3674498077744555,
          "tokenRatio": 2.359583952451709,
          "compressed": 50,
          "preserved": 1,
          "roundTrip": "PASS",
          "timeMs": 50784.971292,
          "vsDet": 1.114139256727894
        }
      }
    },
    "Technical explanation": {
      "methods": {
        "deterministic": {
          "ratio": 1,
          "tokenRatio": 1,
          "compressed": 0,
          "preserved": 11,
          "roundTrip": "PASS",
          "timeMs": 0.6729170000180602
        },
        "llm-basic": {
          "ratio": 1.0014127363616605,
          "tokenRatio": 1.0015186028853456,
          "compressed": 1,
          "preserved": 10,
          "roundTrip": "PASS",
          "timeMs": 2551.7554579999996,
          "vsDet": 1.0014127363616605
        },
        "llm-escalate": {
          "ratio": 1.0014127363616605,
          "tokenRatio": 1.0015186028853456,
          "compressed": 1,
          "preserved": 10,
          "roundTrip": "PASS",
          "timeMs": 3298.924624999985,
          "vsDet": 1.0014127363616605
        }
      }
    },
    "Structured content": {
      "methods": {
        "deterministic": {
          "ratio": 1.9338990620812864,
          "tokenRatio": 1.9241486068111455,
          "compressed": 2,
          "preserved": 10,
          "roundTrip": "PASS",
          "timeMs": 0.3844159999862313
        },
        "llm-basic": {
          "ratio": 1.2315130830489192,
          "tokenRatio": 1.2294757665677547,
          "compressed": 2,
          "preserved": 10,
          "roundTrip": "PASS",
          "timeMs": 10207.897041999997,
          "vsDet": 0.6368031854379976
        },
        "llm-escalate": {
          "ratio": 1.2886904761904763,
          "tokenRatio": 1.2867494824016563,
          "compressed": 2,
          "preserved": 10,
          "roundTrip": "PASS",
          "timeMs": 4813.861583999998,
          "vsDet": 0.6663690476190476
        }
      }
    },
    "Agentic coding session": {
      "methods": {
        "deterministic": {
          "ratio": 1.428351309707242,
          "tokenRatio": 1.4258962011771001,
          "compressed": 2,
          "preserved": 31,
          "roundTrip": "PASS",
          "timeMs": 0.6770829999877606
        },
        "llm-basic": {
          "ratio": 1.428351309707242,
          "tokenRatio": 1.4258962011771001,
          "compressed": 2,
          "preserved": 31,
          "roundTrip": "PASS",
          "timeMs": 5799.787291999994,
          "vsDet": 1
        },
        "llm-escalate": {
          "ratio": 1.3244749249892842,
          "tokenRatio": 1.3232373386295928,
          "compressed": 1,
          "preserved": 32,
          "roundTrip": "PASS",
          "timeMs": 9487.380791999982,
          "vsDet": 0.9272753250464352
        }
      }
    }
  },
  "tokenBudget": {
    "Deep conversation": [
      {
        "budget": 2000,
        "method": "deterministic",
        "tokenCount": 3738,
        "fits": false,
        "ratio": 2.124913733609386,
        "recencyWindow": 0,
        "roundTrip": "PASS",
        "timeMs": 10.060708000004524
      },
      {
        "budget": 2000,
        "method": "llm-escalate",
        "tokenCount": 3391,
        "fits": false,
        "ratio": 2.3493853327681222,
        "recencyWindow": 0,
        "roundTrip": "PASS",
        "timeMs": 280464.86720800004
      }
    ],
    "Agentic coding session": [
      {
        "budget": 2000,
        "method": "deterministic",
        "tokenCount": 1957,
        "fits": true,
        "ratio": 1.3638369869059879,
        "recencyWindow": 9,
        "roundTrip": "PASS",
        "timeMs": 1.9349999999976717
      },
      {
        "budget": 2000,
        "method": "llm-escalate",
        "tokenCount": 1915,
        "fits": true,
        "ratio": 1.3935658448586892,
        "recencyWindow": 3,
        "roundTrip": "PASS",
        "timeMs": 28052.867749999976
      }
    ]
  }
}
